sctid,fsn,semantic_tag,in_core
1003605004,Glaucoma suspect due to diabetes mellitus type 2 (disorder),disorder,1
102621000119101,Ulcer of skin due to type 2 diabetes mellitus (disorder),disorder,1
102781000119107,Sensory neuropathy due to type 1 diabetes mellitus (disorder),disorder,1
103981000119101,Proliferative retinopathy following surgery due to diabetes mellitus (disorder),disorder,1
104941000119109,Ischemia of retina due to type 1 diabetes mellitus (disorder),disorder,1
104951000119106,Vitreous hemorrhage due to type 1 diabetes mellitus (disorder),disorder,1
104961000119108,Ischemia of retina due to type 2 diabetes mellitus (disorder),disorder,1
105401000119101,Diabetes mellitus due to pancreatic injury (disorder),disorder,1
106281000119103,Pre-existing diabetes mellitus in mother complicating childbirth (disorder),disorder,1
10656231000119100,Ulcer of skin of toe due to type 1 diabetes mellitus (disorder),disorder,1
10656271000119102,Ulcer of skin of toe due to type 2 diabetes mellitus (disorder),disorder,1
10660471000119109,Ulcer of left foot due to type 2 diabetes mellitus (disorder),disorder,1
10661671000119102,Ulcer of right foot due to type 2 diabetes mellitus (disorder),disorder,1
10753491000119101,Gestational diabetes mellitus in childbirth (disorder),disorder,1
10754881000119104,Diabetes mellitus in mother complicating childbirth (disorder),disorder,1
109171000119104,Retinal edema due to type 1 diabetes mellitus (disorder),disorder,1
110141000119100,Ulcer of lower limb due to type 1 diabetes mellitus (disorder),disorder,1
110171000119107,Ulcer of lower limb due to type 2 diabetes mellitus (disorder),disorder,1
110181000119105,Peripheral sensory neuropathy due to type 2 diabetes mellitus (disorder),disorder,1
111231000119109,Dyslipidemia with high density lipoprotein below reference range and triglyceride above reference range due to type 2 diabetes mellitus (disorder),disorder,1
111307005,Leprechaunism syndrome (disorder),disorder,1
111556005,Ketoacidosis without coma due to diabetes mellitus (disorder),disorder,1
1142044000,Pre-existing malnutrition-related diabetes mellitus in pregnancy (disorder),disorder,1
1144894004,Peripheral autonomic neuropathy due to diabetes mellitus (disorder),disorder,1
11530004,Brittle diabetes mellitus (disorder),disorder,1
11687002,Gestational diabetes mellitus (disorder),disorder,1
1172389004,Disorder due to malnutrition related diabetes mellitus (disorder),disorder,1
1196922005,Neovascular glaucoma due to diabetes mellitus type 2 (disorder),disorder,1
1196923000,Neovascular glaucoma due to diabetes mellitus type 1 (disorder),disorder,1
1197592001,"Intrauterine growth restriction, short stature, early adult-onset diabetes syndrome (disorder)",disorder,1
119831000119106,Hypoglycemia unawareness due to type 2 diabetes mellitus (disorder),disorder,1
120711000119108,Hypoglycemic unawareness due to type 1 diabetes mellitus (disorder),disorder,1
120731000119103,Hypoglycemia due to type 2 diabetes mellitus (disorder),disorder,1
1217068008,Fulminant type 1 diabetes mellitus (disorder),disorder,1
1217674007,Neurotrophic keratitis due to diabetes mellitus (disorder),disorder,1
123763000,Houssay's syndrome (disorder),disorder,1
1251386008,Disorder of skin due to diabetes mellitus (disorder),disorder,1
1255271005,"Type 1 diabetes mellitus, central and peripheral neurodegeneration syndrome (disorder)",disorder,1
1259048007,Lesion of brachial plexus due to diabetes mellitus (disorder),disorder,1
126534007,Mixed sensorimotor polyneuropathy due to diabetes mellitus (disorder),disorder,1
126535008,Motor polyneuropathy due to diabetes mellitus (disorder),disorder,1
127011001,Sensory neuropathy due to diabetes mellitus (disorder),disorder,1
127012008,Lipoatrophic diabetes (disorder),disorder,1
127013003,Disorder of kidney due to diabetes mellitus (disorder),disorder,1
127014009,Peripheral angiopathy due to diabetes mellitus (disorder),disorder,1
1285518004,Wolfram syndrome type 1 (disorder),disorder,1
1285519007,Wolfram syndrome type 2 (disorder),disorder,1
129599004,Large baby of diabetic mother (disorder),disorder,1
1303868000,"Developmental delay, epilepsy, neonatal diabetes syndrome, intermediate form (disorder)",disorder,1
1306699009,Stable treated proliferative retinopathy due to diabetes mellitus (disorder),disorder,1
1306700005,Stable treated proliferative retinopathy of bilateral eyes due to diabetes mellitus (disorder),disorder,1
1332436006,Hypertension in chronic kidney disease stage 3B due to type 1 diabetes mellitus (disorder),disorder,1
1332441003,Hypertension in chronic kidney disease stage 3A due to type 1 diabetes mellitus (disorder),disorder,1
1332442005,Hypertension in chronic kidney disease stage 3 due to type 1 diabetes mellitus (disorder),disorder,1
1332464001,Hypertension in chronic kidney disease stage 2 due to type 1 diabetes mellitus (disorder),disorder,1
1332465000,Hypertension in chronic kidney disease stage 3B due to type 2 diabetes mellitus (disorder),disorder,1
1332466004,Hypertension in chronic kidney disease stage 3A due to type 2 diabetes mellitus (disorder),disorder,1
1332467008,Hypertension in chronic kidney disease stage 5 due to type 1 diabetes mellitus (disorder),disorder,1
1332468003,Hypertension in chronic kidney disease stage 4 due to type 1 diabetes mellitus (disorder),disorder,1
1332469006,Chronic kidney disease stage 3B due to type 2 diabetes mellitus (disorder),disorder,1
1332470007,Chronic kidney disease stage 3A due to type 2 diabetes mellitus (disorder),disorder,1
1332471006,Chronic kidney disease stage 3B due to type 1 diabetes mellitus (disorder),disorder,1
1332472004,Chronic kidney disease stage 3A due to type 1 diabetes mellitus (disorder),disorder,1
1344623000,Disorder of peripheral circulation due to malnutrition-related diabetes mellitus (disorder),disorder,1
1354552000,Mild macular edema due to diabetes mellitus (disorder),disorder,1
1354553005,Moderate macular edema due to diabetes mellitus (disorder),disorder,1
1354554004,Severe macular edema due to diabetes mellitus (disorder),disorder,1
1367802006,Diabetes mellitus due to chronic pancreatitis (disorder),disorder,1
137931000119102,Hyperlipidemia due to type 2 diabetes mellitus (disorder),disorder,1
137941000119106,Hyperlipidemia due to type 1 diabetes mellitus (disorder),disorder,1
138811000119100,Complication due to secondary diabetes mellitus (disorder),disorder,1
138881000119106,Mild nonproliferative retinopathy due to type 1 diabetes mellitus (disorder),disorder,1
138891000119109,Moderate nonproliferative retinopathy due to type 1 diabetes mellitus (disorder),disorder,1
138911000119106,Mild nonproliferative retinopathy due to type 2 diabetes mellitus (disorder),disorder,1
138921000119104,Moderate nonproliferative retinopathy due to type 2 diabetes mellitus (disorder),disorder,1
1396367007,Chronic kidney disease stage 5 on dialysis due to type 1 diabetes mellitus (disorder),disorder,1
1396369005,Chronic kidney disease stage 5 on dialysis due to type 2 diabetes mellitus (disorder),disorder,1
1396370006,Chronic kidney disease stage 5 on dialysis due to drug induced diabetes mellitus (disorder),disorder,1
1396374002,Hypertension in chronic kidney disease stage 5 on dialysis due to type 1 diabetes mellitus (disorder),disorder,1
1396375001,Hypertension in chronic kidney disease stage 5 on dialysis due to type 2 diabetes mellitus (disorder),disorder,1
1396468003,Macular edema and retinopathy of right eye due to type 2 diabetes mellitus (disorder),disorder,1
1396469006,Macular edema and retinopathy of left eye due to type 2 diabetes mellitus (disorder),disorder,1
140101000119109,Hypertension in chronic kidney disease stage 5 due to type 2 diabetes mellitus (disorder),disorder,1
140111000119107,Hypertension in chronic kidney disease stage 4 due to type 2 diabetes mellitus (disorder),disorder,1
140121000119100,Hypertension in chronic kidney disease stage 3 due to type 2 diabetes mellitus (disorder),disorder,1
140131000119102,Hypertension in chronic kidney disease stage 2 due to type 2 diabetes mellitus (disorder),disorder,1
140381000119104,Neuropathic ulcer of toe due to type 2 diabetes mellitus (disorder),disorder,1
140391000119101,Ulcer of toe due to type 2 diabetes mellitus (disorder),disorder,1
140521000119107,Ischemic ulcer of foot due to type 2 diabetes mellitus (disorder),disorder,1
140531000119105,Neuropathic ulcer of foot due to type 2 diabetes mellitus (disorder),disorder,1
1481000119100,Diabetes mellitus type 2 without retinopathy (disorder),disorder,1
1491000119102,Vitreous hemorrhage due to type 2 diabetes mellitus (disorder),disorder,1
1501000119109,Proliferative retinopathy due to type 2 diabetes mellitus (disorder),disorder,1
1511000119107,Peripheral neuropathy due to type 2 diabetes mellitus (disorder),disorder,1
1521000119100,Ulcer of foot due to type 2 diabetes mellitus (disorder),disorder,1
1531000119102,Dermopathy due to type 2 diabetes mellitus (disorder),disorder,1
1551000119108,Nonproliferative retinopathy due to type 2 diabetes mellitus (disorder),disorder,1
1571000119104,Mixed hyperlipidemia due to type 1 diabetes mellitus (disorder),disorder,1
157141000119108,Proteinuria due to type 2 diabetes mellitus (disorder),disorder,1
15936501000119100,Inflammatory dermatosis due to type 2 diabetes mellitus (disorder),disorder,1
164881000119109,Ulcer of foot due to type 1 diabetes mellitus (disorder),disorder,1
164971000119101,Type 2 diabetes mellitus controlled by diet (disorder),disorder,1
16697421000119103,Moderate nonproliferative retinopathy of left eye due to diabetes mellitus type 1 (disorder),disorder,1
16697471000119102,Moderate nonproliferative retinopathy of right eye due to diabetes mellitus type 1 (disorder),disorder,1
16697521000119104,Moderate nonproliferative retinopathy of bilateral eyes due to diabetes mellitus type 1 (disorder),disorder,1
16739971000119103,Proliferative retinopathy of right eye following surgery due to diabetes mellitus (disorder),disorder,1
16740051000119100,Proliferative retinopathy of left eye following surgery due to diabetes mellitus (disorder),disorder,1
16745051000119107,Nonproliferative retinopathy of right eye due to diabetes mellitus type 2 (disorder),disorder,1
16745131000119100,Nonproliferative retinopathy of left eye due to diabetes mellitus type 2 (disorder),disorder,1
16745211000119100,Nonproliferative retinopathy of left eye due to diabetes mellitus type 1 (disorder),disorder,1
16745411000119104,Mild nonproliferative retinopathy of bilateral eyes due to diabetes mellitus type 1 (disorder),disorder,1
16745531000119108,Mild nonproliferative retinopathy of left eye due to diabetes mellitus type 2 (disorder),disorder,1
16745611000119102,Mild nonproliferative retinopathy of right eye due to diabetes mellitus type 1 (disorder),disorder,1
16745651000119101,Mild nonproliferative retinopathy of right eye due to diabetes mellitus type 2 (disorder),disorder,1
16745891000119105,Mild nonproliferative retinopathy of left eye due to diabetes mellitus type 1 (disorder),disorder,1
16745931000119102,Mild nonproliferative retinopathy of bilateral eyes due to diabetes mellitus type 2 (disorder),disorder,1
16746131000119105,Moderate nonproliferative retinopathy of left eye due to diabetes mellitus type 2 (disorder),disorder,1
16746261000119108,Moderate nonproliferative retinopathy of right eye due to diabetes mellitus type 2 (disorder),disorder,1
16746341000119103,Moderate nonproliferative retinopathy of bilateral eyes due to diabetes mellitus type 2 (disorder),disorder,1
16746661000119106,Nonproliferative retinopathy of bilateral eyes due to diabetes mellitus type 1 (disorder),disorder,1
16746741000119102,Nonproliferative retinopathy of right eye due to diabetes mellitus type 1 (disorder),disorder,1
16746901000119101,Severe nonproliferative retinopathy of left eye due to diabetes mellitus type 2 (disorder),disorder,1
16746941000119104,Severe nonproliferative retinopathy of left eye due to diabetes mellitus type 1 (disorder),disorder,1
16747021000119109,Severe nonproliferative retinopathy of bilateral eyes due to diabetes mellitus type 2 (disorder),disorder,1
16747101000119101,Severe nonproliferative retinopathy of bilateral eyes due to diabetes mellitus type 1 (disorder),disorder,1
16747141000119104,Severe nonproliferative retinopathy of right eye due to diabetes mellitus type 2 (disorder),disorder,1
16747341000119101,Severe nonproliferative retinopathy of right eye due to diabetes mellitus type 1 (disorder),disorder,1
16747661000119109,Nonproliferative retinopathy of bilateral eyes due to diabetes mellitus type 2 (disorder),disorder,1
16747741000119100,Proliferative retinopathy of left eye due to diabetes mellitus type 1 (disorder),disorder,1
16747901000119104,Proliferative retinopathy of left eye due to diabetes mellitus type 2 (disorder),disorder,1
16748141000119100,Proliferative retinopathy of bilateral eyes due to diabetes mellitus type 2 (disorder),disorder,1
16748741000119101,Proliferative retinopathy of right eye due to diabetes mellitus type 1 (disorder),disorder,1
16749661000119102,Proliferative retinopathy of right eye due to diabetes mellitus type 2 (disorder),disorder,1
16749781000119101,Proliferative retinopathy of bilateral eyes due to diabetes mellitus type 1 (disorder),disorder,1
16891151000119103,Coronary artery disease due to type 2 diabetes mellitus (disorder),disorder,1
16891191000119108,Coronary artery disease due to type 1 diabetes mellitus (disorder),disorder,1
170766006,Loss of hypoglycemic warning due to diabetes mellitus (disorder),disorder,1
18311000119109,Infant of diabetic mother (finding),finding,1
18521000119106,Microalbuminuria due to type 1 diabetes mellitus (disorder),disorder,1
190330002,Hyperosmolar coma due to type 1 diabetes mellitus (disorder),disorder,1
190331003,Hyperosmolar coma due to type 2 diabetes mellitus (disorder),disorder,1
190368000,Type I diabetes mellitus with ulcer (disorder),disorder,1
190372001,Type I diabetes mellitus maturity onset (disorder),disorder,1
190389009,Type II diabetes mellitus with ulcer (disorder),disorder,1
190406000,Ketoacidosis due to malnutrition related diabetes mellitus (disorder),disorder,1
190447002,Steroid-induced diabetes (disorder),disorder,1
193141005,Mononeuritis multiplex due to diabetes mellitus (disorder),disorder,1
193183000,Acute painful neuropathy due to diabetes mellitus (disorder),disorder,1
193184006,Chronic painful neuropathy due to diabetes mellitus (disorder),disorder,1
193185007,Asymptomatic neuropathy due to diabetes mellitus (disorder),disorder,1
193349004,Preproliferative retinopathy due to diabetes mellitus (disorder),disorder,1
193350004,Advanced maculopathy due to diabetes mellitus (disorder),disorder,1
193489006,Iritis due to diabetes mellitus (disorder),disorder,1
19378003,Pseudotabes due to diabetes mellitus (disorder),disorder,1
197605007,Nephrotic syndrome due to diabetes mellitus (disorder),disorder,1
199223000,"Diabetes mellitus during pregnancy, childbirth and the puerperium (disorder)",disorder,1
199229001,Pre-existing type 1 diabetes mellitus (disorder),disorder,1
199230006,Pre-existing type 2 diabetes mellitus (disorder),disorder,1
199231005,Pre-existing malnutrition-related diabetes mellitus (disorder),disorder,1
200687002,Cellulitis of foot due to diabetes mellitus (disorder),disorder,1
201000119106,Disorder due to well controlled type 2 diabetes mellitus (disorder),disorder,1
201250006,Ischemic ulcer of foot due to diabetes mellitus (disorder),disorder,1
201251005,Neuropathic ulcer of foot due to diabetes mellitus (disorder),disorder,1
201252003,Mixed diabetic ulcer - foot (disorder),disorder,1
201723002,Cheiroarthropathy due to diabetes mellitus (disorder),disorder,1
201724008,Neuropathic arthropathy due to diabetes mellitus (disorder),disorder,1
21584002,Syndrome of infant of diabetic mother (disorder),disorder,1
217341008,Xanthoma diabeticorum (disorder),disorder,1
23045005,Insulin dependent diabetes mellitus type IA (disorder),disorder,1
230572002,Neuropathy due to diabetes mellitus (disorder),disorder,1
230574001,Acute painful polyneuropathy due to diabetes mellitus (disorder),disorder,1
230575000,Chronic painful polyneuropathy due to diabetes mellitus (disorder),disorder,1
230576004,Asymmetric polyneuropathy due to diabetes mellitus (disorder),disorder,1
230577008,Mononeuropathy due to diabetes mellitus (disorder),disorder,1
230579006,Thoracic radiculopathy due to diabetes mellitus (disorder),disorder,1
232020009,Disorder of macula due to diabetes mellitus (disorder),disorder,1
232021008,Proliferative retinopathy with optic disc neovascularization due to diabetes mellitus (disorder),disorder,1
232022001,Proliferative retinopathy with neovascularization elsewhere than the optic disc due to diabetes mellitus (disorder),disorder,1
232023006,Traction detachment of retina due to diabetes mellitus (disorder),disorder,1
236499007,Microalbuminuric nephropathy due to diabetes mellitus (disorder),disorder,1
236500003,Proteinuric nephropathy due to diabetes mellitus (disorder),disorder,1
237599002,Insulin treated type 2 diabetes mellitus (disorder),disorder,1
237600004,Malnutrition-related diabetes mellitus - fibrocalculous (disorder),disorder,1
237601000,Secondary endocrine diabetes mellitus (disorder),disorder,1
237603002,Transitory neonatal diabetes mellitus (disorder),disorder,1
237604008,"Maturity onset diabetes of the young, type 2 (disorder)",disorder,1
237611007,"Muscular atrophy, ataxia, retinitis pigmentosa, and diabetes mellitus (disorder)",disorder,1
237612000,"Photomyoclonus, diabetes mellitus, deafness, nephropathy and cerebral dysfunction (disorder)",disorder,1
237617006,"Megaloblastic anemia, thiamine-responsive, with diabetes mellitus and sensorineural deafness (disorder)",disorder,1
237619009,Maternally inherited diabetes and deafness (disorder),disorder,1
237620003,Abnormal metabolic state due to diabetes mellitus (disorder),disorder,1
237621004,Severe hyperglycemia due to diabetes mellitus (disorder),disorder,1
237627000,Pregnancy and type 2 diabetes mellitus (disorder),disorder,1
237632004,Hypoglycemic event due to diabetes (disorder),disorder,1
237633009,Hypoglycemia due to diabetes mellitus (disorder),disorder,1
237635002,Nocturnal hypoglycemia due to diabetes mellitus (disorder),disorder,1
237651005,Insulin resistance - type A (disorder),disorder,1
237652003,Insulin resistance - type B (disorder),disorder,1
238981002,Disorder of soft tissue due to diabetes mellitus (disorder),disorder,1
238982009,Dermopathy due to diabetes mellitus (disorder),disorder,1
238983004,Thick skin syndrome due to diabetes mellitus (disorder),disorder,1
238984005,Rubeosis faciei due to diabetes mellitus (disorder),disorder,1
24203005,"Extreme insulin resistance with acanthosis nigricans, hirsutism AND abnormal insulin receptors (disorder)",disorder,1
243421000119104,Proteinuria due to type 1 diabetes mellitus (disorder),disorder,1
25093002,Disorder of eye due to diabetes mellitus (disorder),disorder,1
25412000,Microaneurysm of retinal artery due to diabetes mellitus (disorder),disorder,1
26298008,Ketoacidotic coma due to diabetes mellitus (disorder),disorder,1
267604001,Myasthenic syndrome due to diabetes mellitus (disorder),disorder,1
2751001,Fibrocalculous pancreatic diabetes (disorder),disorder,1
276560009,Diabetes mellitus in neonate small for gestational age (disorder),disorder,1
280137006,Diabetic foot (disorder),disorder,1
28032008,Insulin dependent diabetes mellitus type IB (disorder),disorder,1
28331000119107,Retinal edema due to type 2 diabetes mellitus (disorder),disorder,1
290002008,Brittle type 1 diabetes mellitus (disorder),disorder,1
309426007,Glomerulopathy due to diabetes mellitus (disorder),disorder,1
310387003,Intracapillary glomerulosclerosis of kidney due to diabetes mellitus (disorder),disorder,1
310505005,Hyperosmolar non-ketotic state due to diabetes mellitus (disorder),disorder,1
311366001,Kimmelstiel-Wilson syndrome (disorder),disorder,1
311782002,Advanced retinal disease due to diabetes mellitus (disorder),disorder,1
31211000119101,Peripheral angiopathy due to type 1 diabetes mellitus (disorder),disorder,1
312903003,Mild nonproliferative retinopathy due to diabetes mellitus (disorder),disorder,1
312904009,Moderate nonproliferative retinopathy due to diabetes mellitus (disorder),disorder,1
312905005,Severe nonproliferative retinopathy due to diabetes mellitus (disorder),disorder,1
312906006,Non-high-risk proliferative retinopathy due to diabetes mellitus (disorder),disorder,1
312907002,High risk proliferative retinopathy due to diabetes mellitus (disorder),disorder,1
312908007,Quiescent proliferative retinopathy due to diabetes mellitus (disorder),disorder,1
312909004,Proliferative retinopathy with iris neovascularization due to diabetes mellitus (disorder),disorder,1
312910009,Vitreous hemorrhage due to diabetes mellitus (disorder),disorder,1
312912001,Macular edema due to diabetes mellitus (disorder),disorder,1
31321000119102,Diabetes mellitus type 1 without retinopathy (disorder),disorder,1
314010006,Diffuse exudative maculopathy due to diabetes mellitus (disorder),disorder,1
314011005,Focal exudative maculopathy due to diabetes mellitus (disorder),disorder,1
314014002,Ischemic maculopathy due to diabetes mellitus (disorder),disorder,1
314015001,Mixed maculopathy due to diabetes mellitus (disorder),disorder,1
314537004,Optic papillopathy due to diabetes mellitus (disorder),disorder,1
314893005,Arthropathy due to type 1 diabetes mellitus (disorder),disorder,1
314902007,Peripheral angiopathy due to type 2 diabetes mellitus (disorder),disorder,1
314903002,Arthropathy due to type 2 diabetes mellitus (disorder),disorder,1
33559001,Pineal hyperplasia AND diabetes mellitus syndrome (disorder),disorder,1
35777006,Mononeuropathy multiplex due to diabetes mellitus (disorder),disorder,1
359611005,Neuropathy with neurologic complication due to diabetes mellitus (disorder),disorder,1
359642000,Diabetes mellitus type 2 in nonobese (disorder),disorder,1
361216007,Femoral mononeuropathy due to diabetes mellitus (disorder),disorder,1
367211000119103,Inflammatory dermatosis due to type 1 diabetes mellitus (disorder),disorder,1
367241000119104,Hyperosmolar coma due to drug induced diabetes mellitus (disorder),disorder,1
367261000119100,Hyperosmolarity due to drug induced diabetes mellitus (disorder),disorder,1
367991000119101,Hyperglycemia due to type 1 diabetes mellitus (disorder),disorder,1
368051000119109,Hyperglycemia due to type 2 diabetes mellitus (disorder),disorder,1
368141000119106,Autonomic neuropathy due to drug induced diabetes mellitus (disorder),disorder,1
368151000119108,Cataract due to drug induced diabetes mellitus (disorder),disorder,1
368171000119104,Dermatitis due to drug induced diabetes mellitus (disorder),disorder,1
368181000119101,Ulcer of foot due to drug induced diabetes mellitus (disorder),disorder,1
368201000119100,Disorder of kidney due to drug induced diabetes mellitus (disorder),disorder,1
368251000119101,Polyneuropathy due to drug induced diabetes mellitus (disorder),disorder,1
368421000119108,Chronic kidney disease stage 1 due to drug induced diabetes mellitus (disorder),disorder,1
368431000119106,Chronic kidney disease stage 2 due to drug induced diabetes mellitus (disorder),disorder,1
368441000119102,Chronic kidney disease stage 3 due to drug induced diabetes mellitus (disorder),disorder,1
368451000119100,Chronic kidney disease stage 4 due to drug induced diabetes mellitus (disorder),disorder,1
368461000119103,Chronic kidney disease stage 5 due to drug induced diabetes mellitus (disorder),disorder,1
368521000119107,Disorder of nerve due to type 1 diabetes mellitus (disorder),disorder,1
368541000119101,Cheiroarthropathy due to diabetes mellitus type 1 (disorder),disorder,1
368551000119104,Dyslipidemia due to type 1 diabetes mellitus (disorder),disorder,1
368561000119102,Hyperosmolarity due to type 1 diabetes mellitus (disorder),disorder,1
368581000119106,Neuropathy due to type 2 diabetes mellitus (disorder),disorder,1
368591000119109,Cheiroarthropathy due to diabetes mellitus type 2 (disorder),disorder,1
368601000119102,Hyperosmolar coma due to secondary diabetes mellitus (disorder),disorder,1
368711000119106,Mild nonproliferative retinopathy due to secondary diabetes mellitus (disorder),disorder,1
368721000119104,Non-proliferative retinopathy due to secondary diabetes mellitus (disorder),disorder,1
368741000119105,Moderate non-proliferative retinopathy due to secondary diabetes mellitus (disorder),disorder,1
371087003,Ulcer of foot due to diabetes mellitus (disorder),disorder,1
38046004,Diffuse glomerulosclerosis of kidney due to diabetes mellitus (disorder),disorder,1
38205001,Diarrhea due to diabetes mellitus (disorder),disorder,1
39058009,Lumbosacral radiculoplexus neuropathy due to diabetes mellitus (disorder),disorder,1
390834004,Nonproliferative retinopathy due to diabetes mellitus (disorder),disorder,1
39127005,Symmetric proximal motor neuropathy due to diabetes mellitus (disorder),disorder,1
39181008,Radiculoplexus neuropathy due to diabetes mellitus (disorder),disorder,1
395204000,Hyperosmolar non-ketotic state due to type 2 diabetes mellitus (disorder),disorder,1
398140007,Post hypoglycemic hyperglycemia due to diabetes mellitus (disorder),disorder,1
399862001,High risk proliferative retinopathy without macular edema due to diabetes mellitus (disorder),disorder,1
399863006,Very severe nonproliferative retinopathy without macular edema due to diabetes mellitus (disorder),disorder,1
399864000,Macular edema not clinically significant due to diabetes mellitus (disorder),disorder,1
399865004,Very severe proliferative retinopathy due to diabetes mellitus (disorder),disorder,1
399866003,Venous beading of retina due to diabetes mellitus (disorder),disorder,1
399868002,Intraretinal microvascular anomaly due to diabetes mellitus (disorder),disorder,1
399869005,High risk proliferative retinopathy not amenable to photocoagulation due to diabetes mellitus (disorder),disorder,1
399870006,Non-high-risk proliferative retinopathy with no macular edema due to diabetes mellitus (disorder),disorder,1
399871005,Visually threatening retinopathy due to diabetes mellitus (disorder),disorder,1
399872003,Severe nonproliferative retinopathy with clinically significant macular edema due to diabetes mellitus (disorder),disorder,1
399873008,Severe nonproliferative retinopathy without macular edema due to diabetes mellitus (disorder),disorder,1
399874002,High risk proliferative retinopathy with clinically significant macula edema due to diabetes mellitus (disorder),disorder,1
399875001,Non-high-risk proliferative retinopathy with clinically significant macular edema due to diabetes mellitus (disorder),disorder,1
399876000,Very severe nonproliferative retinopathy due to diabetes mellitus (disorder),disorder,1
399877009,Very severe nonproliferative retinopathy with clinically significant macular edema due to diabetes mellitus (disorder),disorder,1
402864004,Wet gangrene of foot due to diabetes mellitus (disorder),disorder,1
405749004,Newly diagnosed diabetes (disorder),disorder,1
40791000119105,Postpartum gestational diabetes mellitus (disorder),disorder,1
40801000119106,Gestational diabetes mellitus complicating pregnancy (disorder),disorder,1
408540003,Diabetes mellitus caused by non-steroid drugs (disorder),disorder,1
419100001,Infection of foot due to diabetes mellitus (disorder),disorder,1
41911000119107,Glaucoma due to type 2 diabetes mellitus (disorder),disorder,1
420270002,Ketoacidosis due to type 1 diabetes mellitus (disorder),disorder,1
420279001,Renal disorder due to type 2 diabetes mellitus (disorder),disorder,1
420422005,Ketoacidosis due to diabetes mellitus (disorder),disorder,1
420436000,Mononeuropathy due to type 2 diabetes mellitus (disorder),disorder,1
420486006,Exudative maculopathy due to type 1 diabetes mellitus (disorder),disorder,1
420514000,Persistent proteinuria due to type 1 diabetes mellitus (disorder),disorder,1
420662003,Coma due to diabetes mellitus (disorder),disorder,1
420683009,Disorder of nervous system due to malnutrition related diabetes mellitus (disorder),disorder,1
420715001,Persistent microalbuminuria due to type 2 diabetes mellitus (disorder),disorder,1
420756003,Cataract of eye due to diabetes mellitus type 2 (disorder),disorder,1
420789003,Retinopathy due to type 1 diabetes mellitus (disorder),disorder,1
420825003,Gangrene due to type 1 diabetes mellitus (disorder),disorder,1
420868002,Disorder due to type 1 diabetes mellitus (disorder),disorder,1
420918009,Mononeuropathy due to type 1 diabetes mellitus (disorder),disorder,1
420996007,Coma due to malnutrition-related diabetes mellitus (disorder),disorder,1
421075007,Ketoacidotic coma due to type 1 diabetes mellitus (disorder),disorder,1
421256007,Disorder of eye due to malnutrition related diabetes mellitus (disorder),disorder,1
421305000,Persistent microalbuminuria due to type 1 diabetes mellitus (disorder),disorder,1
421326000,Disorder of nervous system due to type 2 diabetes mellitus (disorder),disorder,1
421365002,Peripheral circulatory disorder due to type 1 diabetes mellitus (disorder),disorder,1
421437000,Hypoglycemic coma due to type 1 diabetes mellitus (disorder),disorder,1
421468001,Disorder of nervous system due to type 1 diabetes mellitus (disorder),disorder,1
421631007,Gangrene due to type 2 diabetes mellitus (disorder),disorder,1
421725003,Hypoglycemic coma due to diabetes mellitus (disorder),disorder,1
421750000,Ketoacidosis due to type 2 diabetes mellitus (disorder),disorder,1
421779007,Exudative maculopathy due to type 2 diabetes mellitus (disorder),disorder,1
421847006,Ketoacidotic coma due to type 2 diabetes mellitus (disorder),disorder,1
421893009,Renal disorder due to type 1 diabetes mellitus (disorder),disorder,1
421895002,Peripheral vascular disorder due to diabetes mellitus (disorder),disorder,1
421920002,Cataract of eye due to diabetes mellitus type 1 (disorder),disorder,1
421966007,Non-ketotic non-hyperosmolar coma due to diabetes mellitus (disorder),disorder,1
421986006,Persistent proteinuria due to type 2 diabetes mellitus (disorder),disorder,1
422014003,Disorder due to type 2 diabetes mellitus (disorder),disorder,1
422034002,Retinopathy due to type 2 diabetes mellitus (disorder),disorder,1
422088007,Disorder of nervous system due to diabetes mellitus (disorder),disorder,1
422099009,Disorder of eye due to type 2 diabetes mellitus (disorder),disorder,1
422126006,Hyperosmolar coma due to diabetes mellitus (disorder),disorder,1
422166005,Peripheral circulatory disorder due to type 2 diabetes mellitus (disorder),disorder,1
422183001,Skin ulcer due to diabetes mellitus (disorder),disorder,1
422275004,Gangrene due to diabetes mellitus (disorder),disorder,1
424736006,Peripheral neuropathy due to diabetes mellitus (disorder),disorder,1
425455002,Glomerulonephritis due to diabetes mellitus (disorder),disorder,1
426875007,Latent autoimmune diabetes mellitus in adult (disorder),disorder,1
426907004,Small vessel disease due to type 1 diabetes mellitus (disorder),disorder,1
427027005,Lumbosacral radiculoplexus neuropathy due to type 2 diabetes mellitus (disorder),disorder,1
427089005,Diabetes mellitus due to cystic fibrosis (disorder),disorder,1
427134009,Small vessel disease due to type 2 diabetes mellitus (disorder),disorder,1
427571000,Lumbosacral radiculoplexus neuropathy due to type 1 diabetes mellitus (disorder),disorder,1
427943001,Ophthalmoplegia due to diabetes mellitus (disorder),disorder,1
428007007,Erectile dysfunction due to type 2 diabetes mellitus (disorder),disorder,1
428896009,Hyperosmolality due to uncontrolled type 1 diabetes mellitus (disorder),disorder,1
42954008,Diabetes mellitus associated with receptor abnormality (disorder),disorder,1
43959009,Cataract of eye due to diabetes mellitus (disorder),disorder,1
44054006,Diabetes mellitus type 2 (disorder),disorder,1
441656006,Hyperglycemic crisis due to diabetes mellitus (disorder),disorder,1
443694000,Uncontrolled type 2 diabetes mellitus (disorder),disorder,1
444073006,Uncontrolled type 1 diabetes mellitus (disorder),disorder,1
444074000,Well controlled type 1 diabetes mellitus (disorder),disorder,1
444110003,Well controlled type 2 diabetes mellitus (disorder),disorder,1
445170001,Macroalbuminuric nephropathy due to diabetes mellitus (disorder),disorder,1
445260006,Diabetes mellitus following solid organ transplant (disorder),disorder,1
445353002,Brittle type 2 diabetes mellitus (disorder),disorder,1
46635009,Diabetes mellitus type 1 (disorder),disorder,1
46894009,Gestational diabetes mellitus class A2 (disorder),disorder,1
472699005,Uncontrolled gestational diabetes mellitus (disorder),disorder,1
4783006,Maternal diabetes mellitus with hypoglycemia affecting fetus OR newborn (disorder),disorder,1
4855003,Retinopathy due to diabetes mellitus (disorder),disorder,1
48951005,Bullous disease due to diabetes mellitus (disorder),disorder,1
49455004,Polyneuropathy due to diabetes mellitus (disorder),disorder,1
49817004,Neonatal diabetes mellitus (disorder),disorder,1
50620007,Autonomic neuropathy due to diabetes mellitus (disorder),disorder,1
51002006,Diabetes mellitus associated with pancreatic disease (disorder),disorder,1
530558861000132104,Atypical diabetes mellitus (disorder),disorder,1
5368009,Drug-induced diabetes mellitus (disorder),disorder,1
56391002,Necrobiosis lipoidica diabeticorum (disorder),disorder,1
57886004,Protein-deficient diabetes mellitus (disorder),disorder,1
59276001,Proliferative retinopathy due to diabetes mellitus (disorder),disorder,1
5969009,Diabetes mellitus associated with genetic syndrome (disorder),disorder,1
60951000119105,Blindness due to type 2 diabetes mellitus (disorder),disorder,1
609561005,Maturity-onset diabetes of the young (disorder),disorder,1
609562003,"Maturity onset diabetes of the young, type 1 (disorder)",disorder,1
609563008,Pre-existing diabetes mellitus in pregnancy (disorder),disorder,1
609564002,Pre-existing type 1 diabetes mellitus in pregnancy (disorder),disorder,1
609565001,Permanent neonatal diabetes mellitus (disorder),disorder,1
609566000,Pregnancy and type 1 diabetes mellitus (disorder),disorder,1
609567009,Pre-existing type 2 diabetes mellitus in pregnancy (disorder),disorder,1
609568004,Diabetes mellitus due to genetic defect in beta cell function (disorder),disorder,1
609569007,Diabetes mellitus due to genetic defect in insulin action (disorder),disorder,1
609570008,"Maturity-onset diabetes of the young, type 3 (disorder)",disorder,1
609571007,"Maturity-onset diabetes of the young, type 4 (disorder)",disorder,1
609572000,"Maturity-onset diabetes of the young, type 5 (disorder)",disorder,1
609573005,"Maturity-onset diabetes of the young, type 6 (disorder)",disorder,1
609574004,"Maturity-onset diabetes of the young, type 7 (disorder)",disorder,1
609575003,"Maturity-onset diabetes of the young, type 8 (disorder)",disorder,1
609576002,"Maturity-onset diabetes of the young, type 9 (disorder)",disorder,1
609577006,"Maturity-onset diabetes of the young, type 10 (disorder)",disorder,1
609578001,"Maturity-onset diabetes of the young, type 11 (disorder)",disorder,1
609579009,"Diabetes mellitus, transient neonatal 1 (disorder)",disorder,1
609580007,"Diabetes mellitus, transient neonatal 2 (disorder)",disorder,1
609581006,"Diabetes mellitus, transient neonatal 3 (disorder)",disorder,1
60961000119107,Nonproliferative diabetic retinopathy due to type 1 diabetes mellitus (disorder),disorder,1
60971000119101,Proliferative retinopathy due to type 1 diabetes mellitus (disorder),disorder,1
60991000119100,Blindness due to type 1 diabetes mellitus (disorder),disorder,1
62260007,Pretibial pigmental patches due to diabetes mellitus (disorder),disorder,1
63510008,Nodular glomerulosclerosis of kidney due to diabetes mellitus (disorder),disorder,1
691000119103,Erectile dysfunction due to type 1 diabetes mellitus (disorder),disorder,1
701000119103,Mixed hyperlipidemia due to type 2 diabetes mellitus (disorder),disorder,1
703136005,Diabetes mellitus in remission (disorder),disorder,1
703137001,Type 1 diabetes mellitus in remission (disorder),disorder,1
703138006,Type 2 diabetes mellitus in remission (disorder),disorder,1
704241002,Fetal hypertrophic cardiomyopathy due to maternal diabetes mellitus (disorder),disorder,1
706891008,Neuropathy due to unstable diabetes mellitus type 1 (disorder),disorder,1
706894000,Retinopathy due to unstable diabetes mellitus type 1 (disorder),disorder,1
70694009,Wolfram syndrome (disorder),disorder,1
707221002,Glomerulosclerosis of kidney due to diabetes mellitus (disorder),disorder,1
709147009,Gingivitis co-occurrent with diabetes mellitus (disorder),disorder,1
711000119100,Chronic kidney disease stage 5 due to type 2 diabetes mellitus (disorder),disorder,1
712882000,Autonomic neuropathy due to type 1 diabetes mellitus (disorder),disorder,1
712883005,Autonomic neuropathy due to type 2 diabetes mellitus (disorder),disorder,1
713457002,Neovascular glaucoma due to diabetes mellitus (disorder),disorder,1
713702000,Gastroparesis due to type 1 diabetes mellitus (disorder),disorder,1
713703005,Gastroparesis due to type 2 diabetes mellitus (disorder),disorder,1
713704004,Gastroparesis due to diabetes mellitus (disorder),disorder,1
713705003,Polyneuropathy due to type 1 diabetes mellitus (disorder),disorder,1
713706002,Polyneuropathy due to type 2 diabetes mellitus (disorder),disorder,1
71421000119105,Hypertension in chronic kidney disease due to type 2 diabetes mellitus (disorder),disorder,1
71441000119104,Nephrotic syndrome due to type 2 diabetes mellitus (disorder),disorder,1
716020005,Diabetic embryopathy (disorder),disorder,1
716362006,Gingival disease co-occurrent with diabetes mellitus (disorder),disorder,1
71701000119105,Hypertension in chronic kidney disease due to type 1 diabetes mellitus (disorder),disorder,1
71721000119101,Nephrotic syndrome due to type 1 diabetes mellitus (disorder),disorder,1
71771000119100,Neuropathic arthropathy due to type 1 diabetes mellitus (disorder),disorder,1
71791000119104,Peripheral neuropathy due to type 1 diabetes mellitus (disorder),disorder,1
719216001,Hypoglycemic coma due to type 2 diabetes mellitus (disorder),disorder,1
72021000119109,Dermopathy due to type 1 diabetes mellitus (disorder),disorder,1
72031000119107,Severe malnutrition due to type 1 diabetes mellitus (disorder),disorder,1
72041000119103,Osteomyelitis due to type 1 diabetes mellitus (disorder),disorder,1
72051000119101,Severe malnutrition due to type 2 diabetes mellitus (disorder),disorder,1
720519003,"Atherosclerosis, deafness, diabetes, epilepsy, nephropathy syndrome (disorder)",disorder,1
72061000119104,Osteomyelitis due to type 2 diabetes mellitus (disorder),disorder,1
721000119107,Chronic kidney disease stage 4 due to type 2 diabetes mellitus (disorder),disorder,1
721088003,"Developmental delay, epilepsy, neonatal diabetes syndrome (disorder)",disorder,1
721283000,Acidosis due to type 1 diabetes mellitus (disorder),disorder,1
721284006,Acidosis due to type 2 diabetes mellitus (disorder),disorder,1
72141000119104,Chronic ulcer of skin due to type 1 diabetes mellitus (disorder),disorder,1
722206009,"Pancreatic hypoplasia, diabetes mellitus, congenital heart disease syndrome (disorder)",disorder,1
722454003,"Intellectual disability, craniofacial dysmorphism, hypogonadism, diabetes mellitus syndrome (disorder)",disorder,1
723074006,Renal papillary necrosis due to diabetes mellitus (disorder),disorder,1
724067006,Permanent neonatal diabetes mellitus with cerebellar agenesis syndrome (disorder),disorder,1
724136006,Mastopathy due to diabetes mellitus (disorder),disorder,1
724876003,Lesion of skin due to diabetes mellitus (disorder),disorder,1
731000119105,Chronic kidney disease stage 3 due to type 2 diabetes mellitus (disorder),disorder,1
73211009,Diabetes mellitus (disorder),disorder,1
733072002,"Alaninuria, microcephaly, dwarfism, enamel hypoplasia, diabetes mellitus syndrome (disorder)",disorder,1
734022008,Wolfram-like syndrome (disorder),disorder,1
735200002,Absence of lower limb due to diabetes mellitus (disorder),disorder,1
735537007,Hyperosmolar hyperglycemic coma due to diabetes mellitus without ketoacidosis (disorder),disorder,1
735538002,Lactic acidosis due to diabetes mellitus (disorder),disorder,1
735539005,Metabolic acidosis due to diabetes mellitus (disorder),disorder,1
737212004,Diabetes mellitus caused by chemical (disorder),disorder,1
739681000,Disorder of eye due to type 1 diabetes mellitus (disorder),disorder,1
741000119101,Chronic kidney disease stage 2 due to type 2 diabetes mellitus (disorder),disorder,1
74627003,Complication due to diabetes mellitus (disorder),disorder,1
75022004,Gestational diabetes mellitus class A1 (disorder),disorder,1
751000119104,Chronic kidney disease stage 1 due to type 2 diabetes mellitus (disorder),disorder,1
75524006,Malnutrition related diabetes mellitus (disorder),disorder,1
761000119102,Dyslipidemia due to type 2 diabetes mellitus (disorder),disorder,1
762291006,Syndrome of infant of mother with gestational diabetes (disorder),disorder,1
762489000,Acute complication due to diabetes mellitus (disorder),disorder,1
76751001,"Diabetes mellitus in mother complicating pregnancy, childbirth AND/OR puerperium (disorder)",disorder,1
768792007,Cataract of right eye due to diabetes mellitus (disorder),disorder,1
768793002,Cataract of left eye due to diabetes mellitus (disorder),disorder,1
768794008,Cataract of bilateral eyes due to diabetes mellitus (disorder),disorder,1
768797001,Iritis of right eye due to diabetes mellitus (disorder),disorder,1
768798006,Iritis of left eye due to diabetes mellitus (disorder),disorder,1
768799003,Iritis of bilateral eyes due to diabetes mellitus (disorder),disorder,1
769181007,Preproliferative retinopathy of right eye due to diabetes mellitus (disorder),disorder,1
769182000,Preproliferative retinopathy of left eye due to diabetes mellitus (disorder),disorder,1
769183005,Mild nonproliferative retinopathy of right eye due to diabetes mellitus (disorder),disorder,1
769184004,Mild nonproliferative retinopathy of left eye due to diabetes mellitus (disorder),disorder,1
769185003,Moderate nonproliferative retinopathy of right eye due to diabetes mellitus (disorder),disorder,1
769186002,Moderate nonproliferative retinopathy of left eye due to diabetes mellitus (disorder),disorder,1
769187006,Severe nonproliferative retinopathy of right eye due to diabetes mellitus (disorder),disorder,1
769188001,Severe nonproliferative retinopathy of left eye due to diabetes mellitus (disorder),disorder,1
769190000,Very severe nonproliferative retinopathy of right eye due to diabetes mellitus (disorder),disorder,1
769191001,Very severe nonproliferative retinopathy of left eye due to diabetes mellitus (disorder),disorder,1
769217008,Macular edema of right eye due to diabetes mellitus (disorder),disorder,1
769218003,Macular edema of left eye due to diabetes mellitus (disorder),disorder,1
769219006,Macular edema due to type 1 diabetes mellitus (disorder),disorder,1
769220000,Macular edema due to type 2 diabetes mellitus (disorder),disorder,1
769221001,Clinically significant macular edema of right eye due to diabetes mellitus (disorder),disorder,1
769222008,Clinically significant macular edema of left eye due to diabetes mellitus (disorder),disorder,1
769244003,Disorder of right macula due to diabetes mellitus (disorder),disorder,1
769245002,Disorder of left macula due to diabetes mellitus (disorder),disorder,1
770094004,Cervical radiculoplexus neuropathy due to diabetes mellitus (disorder),disorder,1
770095003,Cranial nerve palsy due to diabetes mellitus (disorder),disorder,1
770096002,Erectile dysfunction due to diabetes mellitus (disorder),disorder,1
770097006,Clinically significant macular edema due to diabetes mellitus (disorder),disorder,1
770098001,Cranial nerve palsy due to type 1 diabetes mellitus (disorder),disorder,1
770323005,Retinal edema due to diabetes mellitus (disorder),disorder,1
770324004,Ischemia of retina due to diabetes mellitus (disorder),disorder,1
770361008,Vitreous hemorrhage of right eye due to diabetes mellitus (disorder),disorder,1
770362001,Vitreous hemorrhage of left eye due to diabetes mellitus (disorder),disorder,1
770581008,Microaneurysm of right retinal artery due to diabetes mellitus (disorder),disorder,1
770582001,Microaneurysm of left retinal artery due to diabetes mellitus (disorder),disorder,1
770599000,Venous beading of right retina due to diabetes mellitus (disorder),disorder,1
770600002,Venous beading of left retina due to diabetes mellitus (disorder),disorder,1
770765001,Proliferative retinopathy of right eye due to diabetes mellitus (disorder),disorder,1
770766000,Proliferative retinopathy of left eye due to diabetes mellitus (disorder),disorder,1
771000119108,Chronic kidney disease due to type 2 diabetes mellitus (disorder),disorder,1
781000119106,Neuropathic arthropathy due to type 2 diabetes mellitus (disorder),disorder,1
782755007,"Primary microcephaly, mild intellectual disability, young-onset diabetes syndrome (disorder)",disorder,1
782825008,"Primary microcephaly, epilepsy, permanent neonatal diabetes syndrome (disorder)",disorder,1
783722008,Myopathy and diabetes mellitus (disorder),disorder,1
788878000,Cardiomyopathy due to diabetes mellitus (disorder),disorder,1
789562001,Ulcer of heel due to diabetes mellitus (disorder),disorder,1
789567007,Ulcer of heel due to type 2 diabetes mellitus (disorder),disorder,1
789568002,Ulcer of midfoot due to diabetes mellitus (disorder),disorder,1
789569005,Neuropathic ulcer of heel due to type 2 diabetes mellitus (disorder),disorder,1
789570006,Neuropathic ulcer of midfoot due to type 2 diabetes mellitus (disorder),disorder,1
789571005,Ulcer of heel due to type 1 diabetes mellitus (disorder),disorder,1
789572003,Ulcer of midfoot due to type 1 diabetes mellitus (disorder),disorder,1
789585000,Sensory polyneuropathy due to diabetes mellitus (disorder),disorder,1
791000119109,Angina due to type 2 diabetes mellitus (disorder),disorder,1
792926007,Armanni-Ebstein kidney due to diabetes mellitus (disorder),disorder,1
79554005,Asymmetric proximal motor neuropathy due to diabetes mellitus (disorder),disorder,1
81531005,Diabetes mellitus type 2 in obese (disorder),disorder,1
816067005,"Diabetes, hypogonadism, deafness, intellectual disability syndrome (disorder)",disorder,1
816177009,Nonproliferative retinopathy of left eye due to diabetes mellitus (disorder),disorder,1
816178004,Nonproliferative retinopathy of right eye due to diabetes mellitus (disorder),disorder,1
816961009,Stable treated proliferative retinopathy of right eye due to diabetes mellitus (disorder),disorder,1
816962002,Stable treated proliferative retinopathy of left eye due to diabetes mellitus (disorder),disorder,1
81830002,Mononeuropathy simplex due to diabetes mellitus (disorder),disorder,1
822995009,Hyperglycemia due to diabetes mellitus (disorder),disorder,1
82541000119100,Traction detachment of retina due to type 2 diabetes mellitus (disorder),disorder,1
82551000119103,Rubeosis iridis due to type 2 diabetes mellitus (disorder),disorder,1
82571000119107,Traction detachment of retina due to type 1 diabetes mellitus (disorder),disorder,1
82581000119105,Rubeosis iridis due to type 1 diabetes mellitus (disorder),disorder,1
82980005,Anemia due to diabetes mellitus (disorder),disorder,1
84361000119102,Insulin reactive hypoglycemia due to type 2 diabetes mellitus (disorder),disorder,1
84371000119108,Hypoglycemia due to type 1 diabetes mellitus (disorder),disorder,1
860721006,Disorder of macula of bilateral eyes due to diabetes mellitus (disorder),disorder,1
860798008,Glaucoma due to diabetes mellitus (disorder),disorder,1
860883001,Generalized autonomic neuropathy due to diabetes mellitus (disorder),disorder,1
860977000,Ulcer of right foot due to diabetes mellitus (disorder),disorder,1
860978005,Ulcer of left foot due to diabetes mellitus (disorder),disorder,1
860979002,Chronic ulcer of right foot due to diabetes mellitus (disorder),disorder,1
860980004,Chronic ulcer of left foot due to diabetes mellitus (disorder),disorder,1
870420005,Severe nonproliferative retinopathy with venous beading of retina due to diabetes mellitus (disorder),disorder,1
870421009,Cystoid macular edema due to diabetes mellitus (disorder),disorder,1
870528001,Newly diagnosed type 1 diabetes mellitus (disorder),disorder,1
870529009,Persistent macular edema due to diabetes mellitus (disorder),disorder,1
871778008,Centrally involved macular edema due to diabetes mellitus (disorder),disorder,1
871781003,Non centrally involved macular edema due to diabetes mellitus (disorder),disorder,1
87441000119104,Ulcer of ankle due to type 2 diabetes mellitus (disorder),disorder,1
87461000119100,Ulcer of forefoot due to type 2 diabetes mellitus (disorder),disorder,1
87471000119106,Ulcer of ankle due to type 1 diabetes mellitus (disorder),disorder,1
87491000119107,Ulcer of forefoot due to type 1 diabetes mellitus (disorder),disorder,1
87921000119104,Cranial nerve palsy due to type 2 diabetes mellitus (disorder),disorder,1
8801005,Secondary diabetes mellitus (disorder),disorder,1
890171006,Ketosis-prone diabetes mellitus (disorder),disorder,1
90721000119101,Chronic kidney disease stage 1 due to type 1 diabetes mellitus (disorder),disorder,1
90731000119103,Chronic kidney disease stage 2 due to type 1 diabetes mellitus (disorder),disorder,1
90741000119107,Chronic kidney disease stage 3 due to type 1 diabetes mellitus (disorder),disorder,1
90751000119109,Chronic kidney disease stage 4 due to type 1 diabetes mellitus (disorder),disorder,1
90761000119106,Chronic kidney disease stage 5 due to type 1 diabetes mellitus (disorder),disorder,1
90781000119102,Microalbuminuria due to type 2 diabetes mellitus (disorder),disorder,1
91352004,Diabetes mellitus due to structurally abnormal insulin (disorder),disorder,1
96441000119101,Chronic kidney disease due to type 1 diabetes mellitus (disorder),disorder,1
97331000119101,Macular edema and retinopathy due to type 2 diabetes mellitus (disorder),disorder,1
97341000119105,Proliferative retinopathy with retinal edema due to type 2 diabetes mellitus (disorder),disorder,1
97621000119107,Stasis ulcer due to type 2 diabetes mellitus (disorder),disorder,1
9859006,Acanthosis nigricans due to type 2 diabetes mellitus (disorder),disorder,1
103001000119108,Lesion of skin of foot (disorder),disorder,0
103276001,Decreased hearing (finding),finding,0
104485008,"Albumin measurement, serum (procedure)",procedure,0
104780002,Lipids measurement (procedure),procedure,0
105597003,Blindness AND/OR vision impairment level (disorder),disorder,0
10596002,Peripheral vascular complication (disorder),disorder,0
106000008,Metabolic renal disease (disorder),disorder,0
106018006,Hereditary degenerative disease of central nervous system (disorder),disorder,0
106153001,Third cranial nerve finding (finding),finding,0
10635631000119106,Chronic ulcer of left foot (disorder),disorder,0
10636431000119100,Chronic ulcer of right foot (disorder),disorder,0
10662511000119101,Ulcer of midfoot (disorder),disorder,0
10680005,Insulin receptor defect (disorder),disorder,0
107669003,Degenerative abnormality (morphologic abnormality),morphologic abnormality,0
11164009,Autosomal dominant hereditary disorder (disorder),disorder,0
112641009,Telangiectasis (morphologic abnormality),morphologic abnormality,0
112674009,Fibrosis (morphologic abnormality),morphologic abnormality,0
113276009,Intestinal structure (body structure),body structure,0
113279002,Gingival structure (body structure),body structure,0
113313006,Structure of cochlear nerve (body structure),body structure,0
113319005,Structure of femoral nerve (body structure),body structure,0
113331007,Structure of endocrine system (body structure),body structure,0
1137472008,Neurodevelopmental delay (disorder),disorder,0
1148758003,Congenital microcephaly (disorder),disorder,0
1148903009,Secondary disorder of glomerulus (disorder),disorder,0
1153477009,Serum albumin below reference range (finding),finding,0
1153623003,Disorder of nerve due to metabolic disease (disorder),disorder,0
1153637007,Body height (observable entity),observable entity,0
1156670009,Maternal antenatal and/or intrapartum time period (qualifier value),qualifier value,0
1156672001,Maternal antenatal period (qualifier value),qualifier value,0
1156682000,Maternal intrapartum period (qualifier value),qualifier value,0
116225000,Complication of injury (disorder),disorder,0
1162508007,Motor function (finding),finding,0
1162975000,Maternally inherited mitochondrial deoxyribonucleic acid disease (disorder),disorder,0
1172654005,High density lipoprotein below reference range (finding),finding,0
117590005,Ear structure (body structure),body structure,0
118188004,Neonatal finding (finding),finding,0
118897002,Procedure on eye proper (procedure),procedure,0
118932009,Disorder of foot (disorder),disorder,0
118937003,Disorder of lower limb (disorder),disorder,0
118940003,Disorder of nervous system (disorder),disorder,0
119218006,Pancreas part (body structure),body structure,0
11953005,Renal function (observable entity),observable entity,0
1217346007,Blood substance level above reference range (finding),finding,0
1237116009,Venous ulcer of lower limb (disorder),disorder,0
124042003,Lipid above reference range (finding),finding,0
1250004,Decreased (qualifier value),qualifier value,0
12511000132108,Persistent proteinuria (finding),finding,0
125116007,Chronic erythema (finding),finding,0
125564007,Diffuse fibrosis (morphologic abnormality),morphologic abnormality,0
125604000,Injury of foot (disorder),disorder,0
125610000,Joint injury (disorder),disorder,0
1260236009,Maternal antenatal and/or intrapartum and/or postpartum period (qualifier value),qualifier value,0
1264021005,Eruption of skin of face (disorder),disorder,0
1264400000,Structure of motor nervous system (body structure),body structure,0
126877002,Disorder of glucose metabolism (disorder),disorder,0
1269101009,Maternal disorder during antenatal and/or intrapartum and/or postpartum period (disorder),disorder,0
1269102002,Fetal disorder due to maternal disorder during pregnancy (disorder),disorder,0
1269103007,Early neonatal disorder due to maternal disorder during pregnancy (disorder),disorder,0
1269435001,Fetal intrapartum and/or early neonatal disorder (disorder),disorder,0
127339009,Acute metabolic disorder (disorder),disorder,0
127341005,Acute nervous system disorder (disorder),disorder,0
12738006,Brain structure (body structure),body structure,0
1275616003,Lesion of retina (disorder),disorder,0
1275631007,Developmental and epileptic encephalopathy (disorder),disorder,0
127856007,Skin and/or subcutaneous tissue structure (body structure),body structure,0
127954009,Skeletal muscle structure (body structure),body structure,0
1279707003,Lesion of cervical spinal nerve root (disorder),disorder,0
1279732001,Lesion of retina of right eye (disorder),disorder,0
1279734000,Lesion of retina of left eye (disorder),disorder,0
1279736003,Lesion of retina of bilateral eyes (disorder),disorder,0
128080005,Neurotrophic keratitis (disorder),disorder,0
128137003,Disorder of lower leg (disorder),disorder,0
128189008,Mononeuropathy (disorder),disorder,0
128198006,Lumbar spinal nerve root structure (body structure),body structure,0
128199003,Sacral spinal nerve root structure (body structure),body structure,0
128236002,Chronic disease of skin (disorder),disorder,0
128239009,Injury of nervous system (disorder),disorder,0
128276007,Cellulitis of foot (disorder),disorder,0
128283000,Chronic nervous system disorder (disorder),disorder,0
128289001,Chronic metabolic disorder (disorder),disorder,0
128290005,Chronic disease of genitourinary system (disorder),disorder,0
128292002,Chronic disease of cardiovascular system (disorder),disorder,0
128305008,Abnormally opaque structure (morphologic abnormality),morphologic abnormality,0
128331005,Optic disc disorder (disorder),disorder,0
128597007,Disorder of digit (disorder),disorder,0
12907000,Thiamine-responsive megaloblastic anemia (disorder),disorder,0
1296523008,Nocturnal hypoglycemia (disorder),disorder,0
1296707006,Neovascularization of left eye (finding),finding,0
1296708001,Neovascularization of right eye (finding),finding,0
1296709009,Neovascularization of bilateral eyes (finding),finding,0
13018008,Neovascularization (morphologic abnormality),morphologic abnormality,0
13028004,Abnormal nervous system function (finding),finding,0
1303834006,Abnormal smallness (morphologic abnormality),morphologic abnormality,0
13213009,Congenital heart disease (disorder),disorder,0
1332462002,Lesion of lumbar and sacral spinal nerve roots (disorder),disorder,0
1332463007,Lesion of thoracic spinal nerve root (disorder),disorder,0
13331008,Atrophy (morphologic abnormality),morphologic abnormality,0
1343588005,Neuropathic ulcer of foot (disorder),disorder,0
1362108000,Genetic intellectual disability (disorder),disorder,0
13694005,Sensory polyneuropathy (disorder),disorder,0
1370930009,Cranial nerve palsy (disorder),disorder,0
1396372003,Hypertension in chronic kidney disease stage 5 on dialysis (disorder),disorder,0
14016003,Bone marrow structure (body structure),body structure,0
14089001,Red blood cell count (procedure),procedure,0
14740000,Triglycerides measurement (procedure),procedure,0
14803004,Transitory (qualifier value),qualifier value,0
15074003,Neurogenic ulcer (morphologic abnormality),morphologic abnormality,0
15630851000119103,Uveitis of bilateral eyes (disorder),disorder,0
15632891000119109,Optic atrophy of bilateral eyes (disorder),disorder,0
15638451000119104,Inflammation of right iris (disorder),disorder,0
15638491000119109,Inflammation of left iris (disorder),disorder,0
15639131000119107,Macular edema of retina of right eye (disorder),disorder,0
15639181000119108,Macular edema of retina of left eye (disorder),disorder,0
15735161000119106,Disorder of retina of right eye (disorder),disorder,0
15735201000119101,Disorder of blood vessel of retina of right eye (disorder),disorder,0
15735241000119104,Disorder of retina of left eye (disorder),disorder,0
15735281000119109,Retinopathy of bilateral eyes (disorder),disorder,0
15735321000119104,Disorder of blood vessel of retina of left eye (disorder),disorder,0
15775008,Structure of corneal epithelium (body structure),body structure,0
15776009,Pancreatic structure (body structure),body structure,0
15998311000119103,Disorder of macula of left eye (disorder),disorder,0
15998351000119102,Disorder of macula of bilateral eyes (disorder),disorder,0
15998391000119107,Disorder of macula of right eye (disorder),disorder,0
160670007,Diabetic diet (finding),finding,0
16110005,Ophthalmoplegia (disorder),disorder,0
16640008,Separation (morphologic abnormality),morphologic abnormality,0
166818002,Lipids outside reference range (finding),finding,0
16851005,Mitochondrial myopathy (disorder),disorder,0
16934004,Renal vascular disorder (disorder),disorder,0
169876006,Birth head circumference (observable entity),observable entity,0
170763003,Diabetic - good control (finding),finding,0
173300003,Maternal disorder during antenatal and/or intrapartum time period (disorder),disorder,0
17346000,Disorder of endocrine pancreas (disorder),disorder,0
17417006,Thickening of skin (disorder),disorder,0
1771008,Insulin biosynthesis defect (disorder),disorder,0
17769000,Injury of cranial nerve (disorder),disorder,0
17888004,High density lipoprotein measurement (procedure),procedure,0
180924008,Entire cerebellum (body structure),body structure,0
18234004,Optic nerve structure (body structure),body structure,0
18307000,Altered (qualifier value),qualifier value,0
18718003,Gingival disease (disorder),disorder,0
1899006,Autosomal hereditary disorder (disorder),disorder,0
190905008,Cystic fibrosis (disorder),disorder,0
193186008,Polyneuropathy associated with another disorder (disorder),disorder,0
193209005,Myasthenic syndrome due to another disorder (disorder),disorder,0
193387007,Cystoid macular edema (disorder),disorder,0
193556009,"Glaucoma in endocrine, nutritional and metabolic diseases (disorder)",disorder,0
193570009,Cataract (disorder),disorder,0
19429009,Chronic ulcer of skin (disorder),disorder,0
194828000,Angina (disorder),disorder,0
195029002,Cardiomyopathy associated with another disorder (disorder),disorder,0
19660004,Disorder of soft tissue (disorder),disorder,0
197661001,Glomerulosclerosis (disorder),disorder,0
198609003,"Complication of pregnancy, childbirth and/or puerperium (disorder)",disorder,0
199612005,Small-for-dates baby (disorder),disorder,0
199745000,Complication occurring during labor and delivery (disorder),disorder,0
199879009,Congenital anomaly of skin (disorder),disorder,0
20313009,Hyperosmolality (disorder),disorder,0
21483005,Structure of central nervous system (body structure),body structure,0
21694000,Henle's loop structure (body structure),body structure,0
22125009,Panniculitis (disorder),disorder,0
22335008,Structure of left foot (body structure),body structure,0
224958001,Global developmental delay (disorder),disorder,0
22925008,Neonatal disorder (disorder),disorder,0
22936001,Structure of iris of right eye (body structure),body structure,0
230571009,Neuropathy associated with endocrine disorder (disorder),disorder,0
230599000,Ischemic neuropathy (disorder),disorder,0
232086000,Neovascular angle closure glaucoma (disorder),disorder,0
232333009,Hearing loss associated with syndrome (disorder),disorder,0
235494005,Chronic pancreatitis (disorder),disorder,0
235675006,Gastroparesis (disorder),disorder,0
235977001,Congenital malformation of pancreas (disorder),disorder,0
235978006,Cystic fibrosis of pancreas (disorder),disorder,0
23620008,Acanthosis (morphologic abnormality),morphologic abnormality,0
236973005,Delivery procedure (procedure),procedure,0
237625008,Hyperglycemic disorder in pregnancy (disorder),disorder,0
237630007,Hypoglycemic disorder (disorder),disorder,0
237822008,Autoimmune endocrine disease (disorder),disorder,0
237836003,Short stature disorder (disorder),disorder,0
237911005,Disorder of amino acid and organic acid metabolism (disorder),disorder,0
238089003,Secondary combined hyperlipidemia (disorder),disorder,0
238794007,Ischemic foot ulcer (disorder),disorder,0
238796009,Neuroischemic foot ulcer (disorder),disorder,0
239953001,Lesion of soft tissue (disorder),disorder,0
240096000,Mitochondrial cytopathy (disorder),disorder,0
243860001,Diabetic monitoring status (finding),finding,0
24484000,Severe (severity modifier) (qualifier value),qualifier value,0
247116004,Retinal vein appearance (observable entity),observable entity,0
247118003,Retinal veins beaded (finding),finding,0
247573007,Intellectual ability (observable entity),observable entity,0
24813008,Gastrointestinal complication (disorder),disorder,0
248290002,Developmental delay (disorder),disorder,0
2492009,Nutritional disorder (disorder),disorder,0
249893002,Gross movement of body and limbs (observable entity),observable entity,0
25087005,Structure of nervous system (body structure),body structure,0
251721007,Angle patency (observable entity),observable entity,0
251727006,Angle appearance (observable entity),observable entity,0
25238003,Cranial nerve structure (body structure),body structure,0
253130001,Secondary microcephaly (disorder),disorder,0
253172000,Agenesis of cerebellum (disorder),disorder,0
255399007,Congenital (qualifier value),qualifier value,0
255407002,Neonatal (qualifier value),qualifier value,0
255410009,Maternal postpartum (qualifier value),qualifier value,0
255604002,Mild (qualifier value),qualifier value,0
25690000,Femoral neuropathy (disorder),disorder,0
25763004,Skin structure of anterior surface of lower leg (body structure),body structure,0
25906001,Disorder of ear (disorder),disorder,0
26036001,Obstruction (morphologic abnormality),morphologic abnormality,0
260370003,Decrease (qualifier value),qualifier value,0
260379002,Impaired (qualifier value),qualifier value,0
260392004,Non-patent (qualifier value),qualifier value,0
262756006,Injury of retina (disorder),disorder,0
26360005,Hereditary optic atrophy (disorder),disorder,0
263654008,Abnormal (qualifier value),qualifier value,0
263680009,Autoimmune process (qualifier value),qualifier value,0
26468004,Retinal ischemia (disorder),disorder,0
26552008,Structure of joint of foot (body structure),body structure,0
26597004,Enamel hypoplasia (disorder),disorder,0
266579006,Inflammatory disorder of breast (disorder),disorder,0
2667000,Absent (qualifier value),qualifier value,0
268519009,Diabetic - poor control (finding),finding,0
26996000,Hyperkeratosis (morphologic abnormality),morphologic abnormality,0
2704003,Acute disease (disorder),disorder,0
272673000,Bone structure (body structure),body structure,0
274663001,Acute pain (finding),finding,0
27550009,Disorder of blood vessel (disorder),disorder,0
276613009,High birth weight (disorder),disorder,0
279001004,Pain finding at anatomical site (finding),finding,0
27915009,Structure of small blood vessel (body structure),body structure,0
27988004,Structure of retinal artery (body structure),body structure,0
280136002,Disorder of soft tissue of lower limb (disorder),disorder,0
281300000,Below reference range (qualifier value),qualifier value,0
281302008,Above reference range (qualifier value),qualifier value,0
28153001,Structure of iris of left eye (body structure),body structure,0
285597000,Peripheral nerve injury of head and neck (disorder),disorder,0
285656000,Mechanical tension (physical force),physical force,0
285708004,Injury of systemic artery (disorder),disorder,0
28726007,Corneal structure (body structure),body structure,0
28758002,Structure of blood vessel of retina (body structure),body structure,0
28960008,Arteriosclerosis (morphologic abnormality),morphologic abnormality,0
290073004,Lesion of breast (disorder),disorder,0
29555009,Retinal disorder (disorder),disorder,0
29707007,Toe structure (body structure),body structure,0
297945000,Upper limb nerve lesion (disorder),disorder,0
298149009,Lesion of joint (disorder),disorder,0
298180004,Finding of range of joint movement (finding),finding,0
299055007,Finding of musculoskeletal structure of digit of hand (finding),finding,0
299735001,Neurological lesion (finding),finding,0
299990002,Infection of foot (disorder),disorder,0
301021005,Ulcer of toe (disorder),disorder,0
301022003,Ulcer of heel (disorder),disorder,0
302226006,Peripheral nerve disease (disorder),disorder,0
30292005,Mononeuritis multiplex (disorder),disorder,0
303112003,Fetal period (qualifier value),qualifier value,0
303114002,Early neonatal period (qualifier value),qualifier value,0
304041004,Gonadal endocrine structure (body structure),body structure,0
304575007,Structure of joint of digit of hand (body structure),body structure,0
3057000,Nerve structure (body structure),body structure,0
3058005,Peripheral nervous system structure (body structure),body structure,0
308490002,Pathological developmental process (qualifier value),qualifier value,0
312087002,Disorder following clinical procedure (disorder),disorder,0
312911008,Clinically significant macular edema (disorder),disorder,0
312913006,Ischemic maculopathy (disorder),disorder,0
312942003,Inherited optic neuropathy (disorder),disorder,0
312975006,Microalbuminuria (finding),finding,0
312999006,Disorder of macula of retina (disorder),disorder,0
313039003,Solid organ transplant to recipient (procedure),procedure,0
31341008,Vitreous hemorrhage (disorder),disorder,0
31627007,Neuromuscular junction (cell structure),cell structure,0
317006,Reactive hypoglycemia (disorder),disorder,0
31820007,Anemia of endocrine disorder (disorder),disorder,0
31992008,Secondary hypertension (disorder),disorder,0
32041000,Renal papilla structure (body structure),body structure,0
321667001,Respiratory tract structure (body structure),body structure,0
324301000119107,Arthropathy due to metabolic disorder (disorder),disorder,0
324311000119105,Arthropathy due to endocrine disorder (disorder),disorder,0
331371000119103,Hemorrhage of right vitreous body (disorder),disorder,0
336981000119105,Hemorrhage of left vitreous body (disorder),disorder,0
33747003,"Glucose measurement, blood (procedure)",procedure,0
339008,Blister (morphologic abnormality),morphologic abnormality,0
34037000,Microaneurysm of retinal artery (disorder),disorder,0
344001,Ankle region structure (body structure),body structure,0
34711008,Traction detachment of retina (disorder),disorder,0
34881000119105,Peripheral vascular disease associated with another disorder (disorder),disorder,0
35105006,Increased (qualifier value),qualifier value,0
3548001,Brachial plexus disorder (disorder),disorder,0
36024000,Gangrene (morphologic abnormality),morphologic abnormality,0
36171008,Glomerulonephritis (disorder),disorder,0
362969004,Disorder of endocrine system (disorder),disorder,0
362973001,Disorder of puerperium (disorder),disorder,0
363005004,Cardiovascular system hereditary disorder (disorder),disorder,0
363070008,Developmental hereditary disorder (disorder),disorder,0
363080007,Digestive system hereditary disorder (disorder),disorder,0
363104002,Hereditary disorder of endocrine system (disorder),disorder,0
363185004,Hereditary disorder of the integument (disorder),disorder,0
363212003,Hereditary disorder of musculoskeletal system (disorder),disorder,0
363235000,Hereditary disorder of nervous system (disorder),disorder,0
363290007,Reproductive system hereditary disorder (disorder),disorder,0
363343008,Hereditary disorder of the visual system (disorder),disorder,0
363847004,Movement observable (observable entity),observable entity,0
364589006,Birth weight (observable entity),observable entity,0
364729007,Finding of gross movement of body and limbs (finding),finding,0
365723003,Finding of pH (finding),finding,0
365795001,Finding of triglyceride level (finding),finding,0
3658006,Infancy (qualifier value),qualifier value,0
36582005,Brachial plexus structure (body structure),body structure,0
36735000,"Gastric motility, function (observable entity)",observable entity,0
367591000119105,Hereditary nephropathy (disorder),disorder,0
370494002,Protein-losing nephropathy (disorder),disorder,0
370992007,Dyslipidemia (disorder),disorder,0
370999003,Primary hypogonadism (disorder),disorder,0
371304004,Skin structure of lower limb (body structure),body structure,0
371405004,Disorder of eye proper (disorder),disorder,0
371561008,Injury of thoracic nerve root (disorder),disorder,0
371632003,Coma (disorder),disorder,0
371879000,Abnormally high (qualifier value),qualifier value,0
372070002,Gangrenous disorder (disorder),disorder,0
37231002,Macular retinal edema (disorder),disorder,0
37782003,Damage (morphologic abnormality),morphologic abnormality,0
38542009,Nodular glomerulosclerosis (morphologic abnormality),morphologic abnormality,0
385424001,Injury of connective tissue (disorder),disorder,0
385486001,Postoperative complication (disorder),disorder,0
3855007,Disorder of pancreas (disorder),disorder,0
385627004,Cellulitis (morphologic abnormality),morphologic abnormality,0
386045008,Hair structure (body structure),body structure,0
386053000,Evaluation procedure (procedure),procedure,0
38716007,Atherosclerosis (morphologic abnormality),morphologic abnormality,0
387713003,Surgical procedure (procedure),procedure,0
3900008,Mixed sensory-motor polyneuropathy (disorder),disorder,0
390996000,Plasma lactate level (procedure),procedure,0
39211005,Bowel action (observable entity),observable entity,0
39231000087102,Chronic painful polyneuropathy (disorder),disorder,0
39352004,Joint structure (body structure),body structure,0
394844007,Outside reference range (qualifier value),qualifier value,0
396956009,Structure of forefoot region of foot (body structure),body structure,0
399244003,Disorder of pituitary gland (disorder),disorder,0
39937001,Skin structure (body structure),body structure,0
399939002,Hirsutism (disorder),disorder,0
399957001,Peripheral arterial occlusive disease (disorder),disorder,0
399959003,Premature aging syndrome (disorder),disorder,0
400202001,Disorder of skin of lower limb (disorder),disorder,0
401156005,Plasma osmolality (observable entity),observable entity,0
40172005,Cardiac complication (disorder),disorder,0
402478005,Secondary xanthomatous infiltration of the skin (disorder),disorder,0
402710005,Disorder of skin of lower limb due to disorder of vein of lower limb (disorder),disorder,0
402727002,Secondary hyperlipidemia (disorder),disorder,0
405719001,Chronic ulcer (morphologic abnormality),morphologic abnormality,0
4062006,Lumbosacral plexus lesion (disorder),disorder,0
406208005,Adaptation behavior (observable entity),observable entity,0
409774005,Inflammatory morphology (morphologic abnormality),morphologic abnormality,0
409777003,Chronic inflammatory morphology (morphologic abnormality),morphologic abnormality,0
410942007,Drug or medicament (substance),substance,0
41296002,Iris structure (body structure),body structure,0
414173003,Exudative age-related macular degeneration (disorder),disorder,0
414174009,Eye observable (observable entity),observable entity,0
414393003,Hereditary disorder of cellular element of blood (disorder),disorder,0
41801008,Coronary artery structure (body structure),body structure,0
4184009,Congenital anomaly of endocrine gland (disorder),disorder,0
418560003,Absence (morphologic abnormality),morphologic abnormality,0
41915009,Stasis ulcer (morphologic abnormality),morphologic abnormality,0
419193008,Ankle ulcer (disorder),disorder,0
419933005,Glucocorticoid (substance),substance,0
423341008,Edema of optic disc (disorder),disorder,0
424124008,Sudden onset AND/OR short duration (qualifier value),qualifier value,0
425323003,Sudden onset AND short duration (qualifier value),qualifier value,0
42658009,Disorder of the peripheral nervous system (disorder),disorder,0
428339009,Disorder of joint of foot (disorder),disorder,0
428360003,Arthropathy of joint of hand (disorder),disorder,0
429054002,Disorder related to transplantation (disorder),disorder,0
430801000124103,Proliferative retinopathy (disorder),disorder,0
431855005,Chronic kidney disease stage 1 (disorder),disorder,0
431856006,Chronic kidney disease stage 2 (disorder),disorder,0
431857002,Chronic kidney disease stage 4 (disorder),disorder,0
433144002,Chronic kidney disease stage 3 (disorder),disorder,0
433146000,Chronic kidney disease stage 5 (disorder),disorder,0
434912009,Blood glucose concentration (observable entity),observable entity,0
44138005,"Keratinization, function (observable entity)",observable entity,0
441574008,Atherosclerosis of artery (disorder),disorder,0
441689006,Measurement of total hemoglobin concentration (procedure),procedure,0
441739009,Disorder of vein of lower extremity (disorder),disorder,0
441862004,Infectious process (qualifier value),qualifier value,0
441900009,Chemical (substance),substance,0
441971000124107,Chronic disease-related malnutrition (disorder),disorder,0
442686002,Measurement finding below reference range (finding),finding,0
444780001,Glucose in blood specimen above reference range (finding),finding,0
444827008,Erythema of skin (disorder),disorder,0
445125009,Necrosis of subcutaneous tissue (disorder),disorder,0
446252004,Diffuse glomerulosclerosis (morphologic abnormality),morphologic abnormality,0
448157006,Abnormality of systemic vein (disorder),disorder,0
449735000,Structural change due to ischemia (morphologic abnormality),morphologic abnormality,0
45272004,Lumbosacral plexus structure (body structure),body structure,0
45793000,Pineal structure (body structure),body structure,0
46716003,Microalbuminuria measurement (procedure),procedure,0
46742003,Skin ulcer (disorder),disorder,0
47078008,"Hearing, function (observable entity)",observable entity,0
4720007,Dystrophy (morphologic abnormality),morphologic abnormality,0
472324001,Fetal hypertrophic cardiomyopathy (disorder),disorder,0
473448003,Non-coronary systemic artery structure (body structure),body structure,0
473449006,Disease of non-coronary systemic artery (disorder),disorder,0
47538007,Vitreous body structure (body structure),body structure,0
4830009,Hyperpigmentation (morphologic abnormality),morphologic abnormality,0
48362000,Structure of iridocorneal angle (body structure),body structure,0
49549006,Structure of visual system (body structure),body structure,0
49698005,Urinary complication (disorder),disorder,0
49755003,Morphologically abnormal structure (morphologic abnormality),morphologic abnormality,0
49765009,Hyperpigmentation of skin (disorder),disorder,0
50960005,Hemorrhage (morphologic abnormality),morphologic abnormality,0
51114001,Arterial structure (body structure),body structure,0
5181000119108,Cervical plexopathy (disorder),disorder,0
51833009,Peripheral blood vessel structure (body structure),body structure,0
51840005,Systemic circulatory system structure (body structure),body structure,0
51995000,Rubeosis iridis (disorder),disorder,0
52034004,Skin structure of toe (body structure),body structure,0
52254009,Nephrotic syndrome (disorder),disorder,0
52674009,Ischemia (disorder),disorder,0
52988006,Lesion (morphologic abnormality),morphologic abnormality,0
53520000,Autonomic nerve structure (body structure),body structure,0
53741008,Coronary arteriosclerosis (disorder),disorder,0
54727009,Chronic lymphocytic inflammation (morphologic abnormality),morphologic abnormality,0
55199003,Hypoplasia (morphologic abnormality),morphologic abnormality,0
5597008,Structure of retina of right eye (body structure),body structure,0
56051008,Ketoacidosis (disorder),disorder,0
56193007,Oculomotor nerve structure (body structure),body structure,0
56208002,Ulcer (morphologic abnormality),morphologic abnormality,0
56246009,Hypertrophy (morphologic abnormality),morphologic abnormality,0
56317004,Alopecia (disorder),disorder,0
56329008,Pituitary structure (body structure),body structure,0
56459004,Foot structure (body structure),body structure,0
5665001,Retinal structure (body structure),body structure,0
57378007,Measurement of protein in urine (procedure),procedure,0
57697001,Growth alteration (morphologic abnormality),morphologic abnormality,0
58443009,Structure of retina of left eye (body structure),body structure,0
58729003,Disorder of capillaries (disorder),disorder,0
58909005,Amputated structure (morphologic abnormality),morphologic abnormality,0
59455009,Metabolic acidosis (disorder),disorder,0
60168000,Osteomyelitis (disorder),disorder,0
60342002,Movement disorder (disorder),disorder,0
60700002,Sensorineural hearing loss (disorder),disorder,0
60738003,Secondary myopathy (disorder),disorder,0
60750009,Third cranial nerve disease (disorder),disorder,0
609395005,Injury of somatic nerve plexus (disorder),disorder,0
609410002,Necrosis of anatomical site (disorder),disorder,0
609496007,Complication occurring during pregnancy (disorder),disorder,0
609520005,Disorder of fetal structure (disorder),disorder,0
609592007,Mononeuropathy of lower limb (disorder),disorder,0
609610009,Structure of nerve root and/or plexus (body structure),body structure,0
609611008,Lesion of nerve root and/or plexus (disorder),disorder,0
6141006,Retinal edema (disorder),disorder,0
61685007,Lower limb structure (body structure),body structure,0
61823004,Injury of pancreas (disorder),disorder,0
62459000,Chronic persistent (qualifier value),qualifier value,0
6266001,Granulomatous inflammation (morphologic abnormality),morphologic abnormality,0
62907002,Respiratory complication (disorder),disorder,0
63533009,"Mucociliary clearance, function (observable entity)",observable entity,0
64033007,Kidney structure (body structure),body structure,0
64572001,Disease (disorder),disorder,0
65074000,Iritis (disorder),disorder,0
65094009,Multiple malformation syndrome with facial defects as major feature (disorder),disorder,0
6574001,Necrosis (morphologic abnormality),morphologic abnormality,0
66383009,Gingivitis (disorder),disorder,0
66828007,Thoracic spinal nerve root structure (body structure),body structure,0
6736007,Moderate (severity modifier) (qualifier value),qualifier value,0
677601000119101,Microaneurysm of left retinal artery (disorder),disorder,0
677611000119103,Microaneurysm of right retinal artery (disorder),disorder,0
67769002,Structure of subcutaneous fatty tissue (body structure),body structure,0
68288006,Glomerulus structure (body structure),body structure,0
68463000,Necrobiosis (morphologic abnormality),morphologic abnormality,0
68591005,Congenital hypoplasia of pancreas (disorder),disorder,0
68616007,Primary atrophy (morphologic abnormality),morphologic abnormality,0
6942003,Level of consciousness (observable entity),observable entity,0
69536005,Head structure (body structure),body structure,0
69695003,Stomach structure (body structure),body structure,0
69980003,Non-infective diarrhea (disorder),disorder,0
700378005,Chronic kidney disease stage 3A (disorder),disorder,0
700379002,Chronic kidney disease stage 3B (disorder),disorder,0
700453005,Congenital sensorineural hearing loss (disorder),disorder,0
703938007,Inflammatory dermatosis (disorder),disorder,0
70819003,Erythema (morphologic abnormality),morphologic abnormality,0
709044004,Chronic kidney disease (disorder),disorder,0
710349003,Peripheral neuropathy of upper limb due to metabolic disorder (disorder),disorder,0
710360007,Peripheral neuropathy due to metabolic disorder (disorder),disorder,0
711168000,Ulcer of skin of lower extremity (disorder),disorder,0
711637003,Structure of midfoot region of foot (body structure),body structure,0
71325002,Lipodystrophy (disorder),disorder,0
714152005,Chronic kidney disease stage 5 on dialysis (disorder),disorder,0
72129000,Acquired acanthosis nigricans (disorder),disorder,0
721945009,Structure of macula lutea of right eye (body structure),body structure,0
721947001,Structure of macula lutea of left eye (body structure),body structure,0
721959002,Vitreous body structure of right eye (body structure),body structure,0
721960007,Vitreous body structure of left eye (body structure),body structure,0
722141002,Structure of retinal artery of left eye (body structure),body structure,0
722142009,Structure of retinal artery of right eye (body structure),body structure,0
72260008,Cervical plexus structure (body structure),body structure,0
722990003,Congenital atrophy of optic nerve (disorder),disorder,0
72345007,Structure of lens of right eye (body structure),body structure,0
724379002,Structure of left optic nerve (body structure),body structure,0
724380004,Structure of right optic nerve (body structure),body structure,0
725401007,Structure of soft tissue of foot (body structure),body structure,0
73371001,Neural hearing loss (disorder),disorder,0
73590005,Injury of peripheral nerve (disorder),disorder,0
736652002,Neonatal metabolic disorder (disorder),disorder,0
736653007,Neonatal disorder of endocrine system (disorder),disorder,0
737220002,Anemia due to metabolic disorder (disorder),disorder,0
737240009,Autonomic neuropathy due to endocrine disease (disorder),disorder,0
737241008,Autonomic neuropathy due to metabolic disease (disorder),disorder,0
73897004,Skin structure of face (body structure),body structure,0
74281007,Myocardium structure (body structure),body structure,0
74297002,Injury of cervical nerve roots (disorder),disorder,0
74853008,Fibrosis of the skin (disorder),disorder,0
75367002,Blood pressure (observable entity),observable entity,0
75594004,Xanthomatous deposition (morphologic abnormality),morphologic abnormality,0
75934005,Metabolic disease (disorder),disorder,0
76197007,Hyperplasia (morphologic abnormality),morphologic abnormality,0
762261001,Persistent albuminuria (finding),finding,0
763325000,Insulin resistance (disorder),disorder,0
76349003,Extrapyramidal disease (disorder),disorder,0
763597000,Hereditary ataxia (disorder),disorder,0
76375004,Extrapyramidal system structure (body structure),body structure,0
765205004,Disorder in remission (disorder),disorder,0
767023003,Period of life beginning after birth and ending before death (qualifier value),qualifier value,0
76752008,Breast structure (body structure),body structure,0
76853006,Heel structure (body structure),body structure,0
76993005,Enamel structure (body structure),body structure,0
770597003,Structure of retinal vein of right eye (body structure),body structure,0
770598008,Structure of retinal vein of left eye (body structure),body structure,0
7769000,Structure of right foot (body structure),body structure,0
78076003,Structure of lens of eye (body structure),body structure,0
782173000,Agenesis (morphologic abnormality),morphologic abnormality,0
782964007,Genetic disease (disorder),disorder,0
78494001,Amelogenesis imperfecta (disorder),disorder,0
78696007,Endocrine pancreatic structure (body structure),body structure,0
786985009,Hand joint range of movement (observable entity),observable entity,0
788953003,Hereditary hearing loss (disorder),disorder,0
789018001,Radiculopathy due to metabolic disorder (disorder),disorder,0
789563006,Arterial ulcer (morphologic abnormality),morphologic abnormality,0
789588003,Peripheral sensory neuropathy (disorder),disorder,0
792925006,Armanni-Ebstein kidney (disorder),disorder,0
79654002,Edema (morphologic abnormality),morphologic abnormality,0
79677002,Cervical spinal nerve root structure (body structure),body structure,0
79705001,Injury of lumbosacral plexus (disorder),disorder,0
79868006,Glomerular capillaries structure (body structure),body structure,0
80394007,Hyperglycemia (disorder),disorder,0
80891009,Heart structure (body structure),body structure,0
81016008,Optic disc structure (body structure),body structure,0
81065003,pH measurement (procedure),procedure,0
81308009,Disorder of brain (disorder),disorder,0
81450008,Intercapillary glomerulosclerosis (morphologic abnormality),morphologic abnormality,0
816117000,Amputated lower limb (finding),finding,0
816119002,Cataract of left eye (disorder),disorder,0
816120008,Cataract of right eye (disorder),disorder,0
81745001,Structure of eye proper (body structure),body structure,0
823996003,Blister of skin (disorder),disorder,0
82423001,Chronic pain (finding),finding,0
82646005,Glomerulosclerosis (morphologic abnormality),morphologic abnormality,0
82859000,Macula lutea structure (body structure),body structure,0
830071006,Ulcer of left foot (disorder),disorder,0
830072004,Ulcer of right foot (disorder),disorder,0
833278008,Glaucoma suspect (disorder),disorder,0
83678007,Structure of cerebrum (body structure),body structure,0
840581000,Structure of peripheral artery (body structure),body structure,0
84387000,Asymptomatic (finding),finding,0
84757009,Epilepsy (disorder),disorder,0
84782009,Peripheral nerve structure (body structure),body structure,0
85003000,Structure of retinal vein (body structure),body structure,0
85423005,Motor polyneuropathy (disorder),disorder,0
85995004,Autosomal recessive hereditary disorder (disorder),disorder,0
860614004,Injury of lumbar nerve root (disorder),disorder,0
860921002,Erectile dysfunction due to endocrine disease (disorder),disorder,0
86765009,Mild intellectual disability (disorder),disorder,0
87104008,Microaneurysm (morphologic abnormality),morphologic abnormality,0
87536007,Central nervous system complication (disorder),disorder,0
87784001,Structure of soft tissue (body structure),body structure,0
87900003,Injury of sacral nerve roots (disorder),disorder,0
88092000,Muscle atrophy (disorder),disorder,0
88258005,Structure of lens of left eye (body structure),body structure,0
890122001,Hypertrophic cardiomyopathy due to disorder (disorder),disorder,0
89545001,Face structure (body structure),body structure,0
896818001,Structural abnormality of coronary artery (disorder),disorder,0
896832004,Structural abnormality of fundus of eye (disorder),disorder,0
897413005,Structural abnormality of blood vessel of retina (disorder),disorder,0
897438000,Structural abnormality of pineal gland (disorder),disorder,0
90241004,Papillary necrosis (disorder),disorder,0
90708001,Kidney disease (disorder),disorder,0
90734009,Chronic (qualifier value),qualifier value,0
91043001,Vacuolation (morphologic abnormality),morphologic abnormality,0
91159003,Structure of auditory system (body structure),body structure,0
91273001,Lactic acidosis (disorder),disorder,0
9418005,Necrobiosis lipoidica (disorder),disorder,0
95320005,Disorder of skin (disorder),disorder,0
95324001,Skin lesion (disorder),disorder,0
95344007,Ulcer of lower extremity (disorder),disorder,0
95345008,Ulcer of foot (disorder),disorder,0
95662005,Sensory neuropathy (disorder),disorder,0
95663000,Peripheral motor neuropathy (disorder),disorder,0
95695004,Degeneration of retina (disorder),disorder,0
95722004,Bilateral cataracts (disorder),disorder,0
95827002,Congenital hearing disorder (disorder),disorder,0
988002,Wet gangrene (morphologic abnormality),morphologic abnormality,0
